video_id,duration_seconds,category,publish_hour,publish_weekday,title_length,description_length,is_hd,creator_subscribers,creator_avg_views_30d,rendimiento_esperado
1,5268,Educacion,0,5,45,2006,0,2341057,386123,MEDIO
2,869,Cine,23,4,21,4837,1,533224,15622,MEDIO
3,797,Videojuegos,7,4,87,217,0,9142600,219949,MEDIO
4,1835,Cocina,18,2,113,53,0,7090293,178389,BAJO
5,2306,Musica,6,6,53,837,0,6374122,50707,MEDIO
6,2970,Noticias,19,2,113,355,1,8996414,65444,MEDIO
7,3130,Educacion,17,2,116,2962,0,1166941,24025,BAJO
8,5447,Videojuegos,9,0,119,1907,0,6377459,145738,MEDIO
9,3744,Cine,11,1,57,2910,0,4479144,367955,MEDIO
10,5629,Cine,2,4,91,1401,0,2741438,242357,BAJO
11,3138,Deportes,20,5,81,1799,1,938483,120087,ALTO
12,6762,Entretenimiento,10,3,44,542,0,9515702,459469,ALTO
13,5911,Noticias,6,5,73,3241,1,2396987,138873,MEDIO
14,1173,Videojuegos,23,4,78,2152,1,9790057,209400,MEDIO
15,2995,Videojuegos,4,4,73,744,0,1839607,80132,MEDIO
16,5170,Musica,21,3,86,520,1,6402509,312417,ALTO
17,3864,Viajes,8,4,120,94,0,9008867,393676,BAJO
18,2215,Cine,10,0,47,3561,0,7612220,1701,MEDIO
19,5945,Ciencia,8,4,107,1463,0,5007072,441277,MEDIO
20,5264,Viajes,19,1,29,3063,0,9049278,499908,MEDIO
21,6408,Viajes,0,4,51,4002,0,1876828,487115,MEDIO
22,3003,Deportes,7,0,40,4647,0,1437026,383730,MEDIO
23,4011,Educacion,17,6,26,1051,1,9224173,86574,MEDIO
24,2201,Viajes,19,3,37,4417,0,5229731,209186,MEDIO
25,5532,Cine,11,3,76,3698,0,4159166,117806,MEDIO
26,554,Noticias,0,4,80,1885,0,120642,37220,MEDIO
27,5828,Cine,1,1,18,257,1,1188789,269565,MEDIO
28,1979,Deportes,21,3,37,4417,0,9580513,302100,MEDIO
29,3902,Videojuegos,15,6,62,1559,0,1626229,345496,MEDIO
30,3561,Noticias,13,3,69,443,0,1016911,211089,MEDIO
31,5995,Noticias,3,1,34,1558,1,2351868,221187,MEDIO
32,1533,Deportes,14,1,19,3630,0,848731,341911,MEDIO
33,4458,Entretenimiento,2,6,118,1936,0,6818496,254615,MEDIO
34,3973,Videojuegos,12,0,31,3104,0,6550190,139042,ALTO
35,6453,Cocina,9,3,99,4552,1,2597059,99561,MEDIO
36,2460,Videojuegos,1,4,104,4441,0,5261415,29971,BAJO
37,440,Vlogs,15,4,119,4350,0,954280,266248,BAJO
38,686,Musica,2,4,18,1926,1,2011363,493667,MEDIO
39,4696,Videojuegos,18,4,15,671,1,9792396,296341,ALTO
40,4312,Noticias,8,1,95,2573,0,4456272,207505,MEDIO
41,1102,Cine,20,2,68,2590,0,156287,240273,ALTO
42,5118,Vlogs,3,0,78,1746,1,2222252,489296,MEDIO
43,2889,Educacion,7,2,46,1292,1,9113685,368857,MEDIO
44,2508,Vlogs,20,4,11,4543,1,1737893,492269,MEDIO
45,1130,Deportes,3,0,105,4532,0,4569244,147721,BAJO
46,4984,Videojuegos,22,2,36,2162,1,4213115,474657,ALTO
47,6961,Entretenimiento,2,5,64,2266,0,59486,174879,MEDIO
48,6347,Musica,20,2,30,3619,1,9410455,5069,ALTO
49,946,Educacion,22,1,79,295,1,9772888,289682,ALTO
50,1243,Tecnologia,4,0,49,2987,0,6003042,110140,MEDIO
51,5617,Videojuegos,21,0,55,4586,1,2592974,485366,ALTO
52,1969,Musica,5,3,13,1469,1,6907400,420602,MEDIO
53,5517,Ciencia,7,2,30,885,1,649691,450150,MEDIO
54,3885,Videojuegos,6,6,68,2864,1,3818418,116876,ALTO
55,223,Cine,6,3,52,2282,0,4682940,184101,MEDIO
56,5285,Viajes,12,5,117,4392,1,463060,60472,MEDIO
57,2169,Musica,18,2,14,888,1,5799667,381967,ALTO
58,6472,Noticias,13,4,75,947,1,9673542,99656,MEDIO
59,2116,Entretenimiento,22,3,10,4259,0,6110622,226124,MEDIO
60,603,Cine,10,4,50,1020,1,8508103,162154,ALTO
61,5493,Tecnologia,10,3,99,2422,0,3218542,220434,MEDIO
62,5477,Tecnologia,21,5,32,4662,1,6812810,287276,ALTO
63,6859,Entretenimiento,9,2,36,3521,1,7801207,231623,ALTO
64,3652,Cine,6,4,70,1390,0,4761145,270245,MEDIO
65,5468,Cine,19,2,21,1924,1,3768844,422871,MEDIO
66,1661,Musica,0,0,41,3892,0,7640615,217286,MEDIO
67,5189,Vlogs,6,5,99,3145,1,6705062,127918,MEDIO
68,1238,Cine,22,0,106,873,1,3671545,92215,MEDIO
69,6617,Ciencia,16,3,16,4566,0,2036059,239317,BAJO
70,1122,Cocina,21,4,81,4877,1,7425149,321206,ALTO
71,6706,Ciencia,16,3,116,4488,1,2670226,389889,BAJO
72,7087,Cocina,14,2,106,2025,1,8745959,254068,BAJO
73,5164,Videojuegos,8,3,19,2340,0,4558623,176080,MEDIO
74,2649,Viajes,2,1,29,1894,1,2563646,370367,MEDIO
75,1782,Educacion,13,3,52,4445,1,6975534,32645,MEDIO
76,1724,Tecnologia,12,6,84,160,1,8002392,3091,MEDIO
77,2911,Deportes,12,6,116,3432,0,8191131,115040,MEDIO
78,2265,Tecnologia,15,0,59,2753,1,2768991,440667,MEDIO
79,3858,Musica,19,4,13,3227,0,1408404,336985,MEDIO
80,3541,Musica,14,1,16,2131,1,5492066,110970,MEDIO
81,3754,Noticias,10,6,58,2279,1,4232413,437733,ALTO
82,700,Cocina,0,5,79,426,1,3761823,340862,MEDIO
83,592,Cine,1,6,13,2025,0,341919,325758,MEDIO
84,1278,Videojuegos,4,3,95,937,0,7801975,366721,MEDIO
85,2129,Noticias,5,4,87,938,0,5218367,56674,BAJO
86,4770,Entretenimiento,9,4,96,3074,1,3327421,39844,ALTO
87,4880,Ciencia,20,1,23,2470,0,9494772,410326,MEDIO
88,366,Noticias,17,3,94,3035,0,8488613,339499,MEDIO
89,2825,Entretenimiento,13,6,72,864,1,6076506,333229,MEDIO
90,6818,Cocina,22,1,65,1442,1,9029043,406135,ALTO
91,3990,Cocina,13,6,103,4853,1,5407373,446542,MEDIO
92,2041,Educacion,8,3,41,3806,1,5643798,15047,ALTO
93,4079,Noticias,5,3,37,2906,1,5709938,146621,MEDIO
94,4913,Ciencia,8,4,11,4232,0,1436347,126540,MEDIO
95,5928,Tecnologia,15,4,107,1968,1,8234615,234972,BAJO
96,6525,Entretenimiento,2,2,38,3312,0,5137284,348106,MEDIO
97,4794,Noticias,15,4,77,2816,1,9233986,173429,MEDIO
98,2912,Ciencia,14,2,49,2059,0,2024269,378160,MEDIO
99,1607,Noticias,3,5,78,1516,0,3630331,387241,MEDIO
100,3996,Deportes,23,4,107,4297,1,1686548,436537,BAJO
101,1620,Deportes,7,2,32,2476,0,8961299,66365,MEDIO
102,2277,Entretenimiento,1,4,47,1034,1,1721135,457556,MEDIO
103,130,Vlogs,9,3,71,3608,1,3093109,26936,ALTO
104,2098,Cocina,3,6,18,3282,1,1242892,302525,MEDIO
105,5186,Cine,1,1,29,4610,1,1429098,130123,MEDIO
106,1000,Viajes,13,4,86,1848,1,7558378,476317,MEDIO
107,3656,Deportes,18,3,49,4658,0,1664863,496810,MEDIO
108,6278,Videojuegos,20,1,43,665,0,4024269,91128,ALTO
109,4551,Educacion,5,0,62,3690,1,4886520,17112,MEDIO
110,1926,Deportes,22,2,99,3719,0,3916201,484395,MEDIO
111,2197,Cine,18,5,112,1620,1,1925626,285507,MEDIO
112,1871,Cine,4,2,115,1165,0,1000560,86991,BAJO
113,6523,Deportes,19,5,115,4662,1,7367772,65197,MEDIO
114,3869,Ciencia,9,5,61,2230,1,7344375,42174,ALTO
115,4929,Entretenimiento,13,5,51,4945,1,433940,47881,ALTO
116,1905,Cine,18,4,12,2207,0,2939212,246677,MEDIO
117,4281,Cine,14,2,33,4795,1,8249789,47837,MEDIO
118,3880,Noticias,13,2,51,856,0,5533187,215820,MEDIO
119,5712,Cocina,9,5,61,4506,0,7630712,46168,ALTO
120,2606,Deportes,10,0,108,3311,0,9103209,242208,MEDIO
121,3415,Entretenimiento,6,4,56,4083,1,865901,106723,MEDIO
122,2217,Viajes,4,2,66,3970,0,484348,330313,MEDIO
123,5017,Videojuegos,22,1,49,4512,0,9265241,213904,ALTO
124,793,Videojuegos,3,3,25,1261,1,4896624,266795,MEDIO
125,5808,Deportes,13,6,71,3868,0,7663605,289021,MEDIO
126,1214,Tecnologia,6,4,75,1118,0,4634662,405104,MEDIO
127,6501,Tecnologia,10,6,74,2188,0,4745250,380659,MEDIO
128,2475,Vlogs,18,5,72,1217,1,9035882,253934,ALTO
129,2857,Noticias,17,6,79,3090,1,5398528,455921,MEDIO
130,1575,Ciencia,7,4,59,1913,1,732280,166816,MEDIO
131,6130,Cocina,22,6,58,3162,0,8310235,19408,ALTO
132,1064,Viajes,18,2,22,3606,0,8823994,477333,MEDIO
133,3773,Entretenimiento,23,1,62,1264,0,7876745,409744,MEDIO
134,2201,Noticias,19,5,60,657,1,8952696,199234,ALTO
135,2624,Cine,22,6,72,4432,0,1147909,123087,MEDIO
136,5200,Cine,9,1,105,740,1,1651601,398652,MEDIO
137,5221,Ciencia,3,3,31,2453,0,771600,170065,MEDIO
138,6552,Entretenimiento,9,2,57,3528,0,4096953,278484,ALTO
139,3405,Vlogs,21,6,33,1392,0,1324869,319549,ALTO
140,7163,Tecnologia,19,5,40,4076,0,3895475,241775,ALTO
141,5255,Deportes,14,2,95,76,1,4825658,355263,BAJO
142,4507,Musica,2,3,54,4813,1,7118722,361923,MEDIO
143,2078,Cocina,9,1,59,3958,0,3979651,199944,MEDIO
144,4715,Noticias,18,2,99,2418,0,6640518,143906,MEDIO
145,96,Vlogs,21,6,105,401,1,4801541,406711,ALTO
146,6574,Videojuegos,19,6,55,1794,0,4204819,355343,ALTO
147,6219,Ciencia,21,5,117,1120,0,661401,161969,MEDIO
148,6490,Cocina,1,4,56,1076,0,4951131,171294,MEDIO
149,6153,Tecnologia,5,1,26,4418,1,8906224,263084,MEDIO
150,2262,Musica,8,6,71,2417,1,1932227,245540,ALTO
151,646,Musica,7,6,96,3255,1,1515030,414545,ALTO
152,3262,Entretenimiento,8,4,25,3725,1,4398338,306477,ALTO
153,3151,Cine,11,0,96,1915,1,419843,324820,MEDIO
154,4629,Noticias,19,1,92,517,1,5069909,340388,MEDIO
155,3374,Educacion,4,0,14,2493,1,1948178,50956,MEDIO
156,1953,Viajes,4,3,68,3039,1,9853935,389162,MEDIO
157,5982,Musica,13,5,22,4008,1,4693260,17152,MEDIO
158,5684,Noticias,6,3,66,1934,1,1666893,359493,MEDIO
159,3039,Viajes,20,2,17,3261,1,3184459,64046,MEDIO
160,6977,Cocina,2,5,37,4891,0,848566,412506,MEDIO
161,2762,Videojuegos,4,6,82,1681,0,9298063,108610,MEDIO
162,4833,Videojuegos,7,2,109,1208,0,4651899,450052,BAJO
163,1215,Musica,17,2,112,1429,0,432519,69102,MEDIO
164,151,Noticias,7,4,51,129,0,4452128,27472,MEDIO
165,1068,Ciencia,13,4,24,520,1,7520810,407904,MEDIO
166,2995,Viajes,18,0,67,4127,0,727544,381284,MEDIO
167,6446,Cine,16,2,68,255,0,8035982,444228,MEDIO
168,3320,Tecnologia,21,0,72,3633,0,1355439,168879,MEDIO
169,5013,Musica,2,1,45,4795,1,6390515,313205,MEDIO
170,4376,Deportes,14,4,87,3524,0,1919549,447108,BAJO
171,5393,Cine,17,5,120,1761,1,7575834,465615,MEDIO
172,1901,Tecnologia,10,6,68,3266,1,1595275,163865,ALTO
173,3526,Noticias,21,2,57,1250,1,1126310,47828,ALTO
174,6843,Educacion,2,3,22,3052,0,9334352,31447,BAJO
175,4834,Viajes,17,2,95,1001,1,5932391,458021,MEDIO
176,5480,Tecnologia,23,0,46,4918,1,5899644,54316,MEDIO
177,4764,Viajes,6,1,94,3950,0,1815603,183560,BAJO
178,6955,Viajes,11,0,107,2282,0,7199311,443104,MEDIO
179,4625,Vlogs,19,5,92,4560,0,4487028,15179,MEDIO
180,1507,Deportes,22,6,49,2783,1,102438,95108,ALTO
181,7155,Musica,18,5,61,570,0,514340,48107,ALTO
182,6142,Viajes,6,3,63,3716,1,2640889,194014,MEDIO
183,2582,Ciencia,10,6,82,4884,0,882629,81568,MEDIO
184,1319,Vlogs,1,5,20,2229,1,7113787,254626,MEDIO
185,5003,Cocina,13,2,37,4197,0,5791039,225398,MEDIO
186,938,Deportes,21,5,85,3986,1,761976,115615,ALTO
187,3267,Vlogs,1,0,36,2469,0,2302417,400640,MEDIO
188,2123,Deportes,10,0,10,4074,1,2947669,67730,MEDIO
189,3144,Viajes,22,1,74,4577,1,1209226,208179,MEDIO
190,7089,Ciencia,1,3,12,3766,0,5252285,301863,BAJO
191,3546,Vlogs,12,5,91,3421,1,1932288,212353,ALTO
192,200,Noticias,5,6,89,3769,1,1478574,228962,MEDIO
193,6948,Educacion,7,3,85,3280,0,6639863,456405,BAJO
194,2571,Ciencia,10,1,52,1377,0,8564488,331992,MEDIO
195,964,Viajes,16,1,109,2862,1,2477824,123872,MEDIO
196,872,Musica,8,1,32,4934,0,1264218,92875,ALTO
197,6361,Cine,15,3,106,4618,1,9470600,337112,BAJO
198,5234,Vlogs,10,6,90,2589,0,7377995,35801,MEDIO
199,3871,Cocina,20,2,111,2250,0,5904610,265990,MEDIO
200,637,Deportes,14,3,14,466,1,4816353,40229,MEDIO
201,5311,Educacion,19,4,74,3149,1,9736311,290621,MEDIO
202,6516,Ciencia,1,3,113,4683,0,5394323,317197,BAJO
203,3926,Viajes,4,0,67,847,1,1414808,264528,MEDIO
204,5323,Musica,1,1,100,3586,1,8792411,274070,MEDIO
205,5025,Musica,11,2,46,3173,1,5676858,355937,ALTO
206,4927,Entretenimiento,20,5,52,539,1,1585546,292533,ALTO
207,5587,Tecnologia,9,2,102,4937,0,5592886,42730,MEDIO
208,4803,Cine,4,2,49,3210,0,9983135,371633,MEDIO
209,724,Deportes,17,3,92,2690,0,8831414,48996,MEDIO
210,5322,Cine,13,4,56,149,1,5181912,94509,MEDIO
211,1784,Noticias,15,1,38,1126,0,1294615,155080,MEDIO
212,6947,Educacion,16,6,79,4313,0,5649968,459482,MEDIO
213,6307,Vlogs,4,4,58,1263,0,3034091,435864,MEDIO
214,5705,Vlogs,5,5,66,357,1,6111929,354608,MEDIO
215,5924,Videojuegos,14,4,46,3677,0,8959220,125393,MEDIO
216,2565,Cocina,6,2,96,4672,1,7745704,403407,MEDIO
217,2338,Tecnologia,16,4,63,1327,0,2321942,457704,MEDIO
218,2078,Entretenimiento,20,3,57,4542,0,8655523,446256,ALTO
219,1051,Deportes,2,6,30,2234,1,8612629,77253,ALTO
220,6837,Tecnologia,2,1,114,3695,1,447451,217525,BAJO
221,466,Tecnologia,16,2,40,3163,0,6289990,117722,MEDIO
222,260,Noticias,3,6,101,2746,0,2308538,20081,MEDIO
223,2380,Cocina,22,6,27,3842,1,88100,474930,MEDIO
224,679,Entretenimiento,8,1,116,1224,1,1865405,406937,ALTO
225,2390,Videojuegos,9,0,16,1953,1,7669093,32929,ALTO
226,938,Cocina,19,4,12,4221,0,2408819,152710,MEDIO
227,3546,Entretenimiento,19,2,40,4674,1,3142605,348321,ALTO
228,5504,Educacion,16,2,18,4309,0,6550726,457877,BAJO
229,3881,Entretenimiento,20,3,57,2077,0,5991041,413411,ALTO
230,583,Noticias,7,5,94,849,1,2238241,23244,MEDIO
231,2916,Viajes,10,6,92,1434,1,8028420,331211,ALTO
232,1523,Musica,2,5,109,3749,0,4923149,105691,MEDIO
233,388,Videojuegos,1,2,49,4222,1,9110543,248197,ALTO
234,2105,Entretenimiento,20,1,46,2924,0,5568772,143244,ALTO
235,1049,Noticias,13,3,105,3602,1,5688090,97946,MEDIO
236,4094,Ciencia,15,2,112,4253,1,1385991,381200,BAJO
237,3507,Educacion,13,4,115,1478,1,5389033,53790,BAJO
238,685,Noticias,21,2,49,3652,1,2795835,361635,ALTO
239,3666,Noticias,14,0,103,2888,1,4606274,335266,BAJO
240,6513,Entretenimiento,2,5,91,3327,1,8608154,420005,MEDIO
241,6173,Cine,5,0,28,4977,1,583829,66180,MEDIO
242,580,Videojuegos,20,2,56,3136,0,2574265,356024,ALTO
243,3715,Noticias,11,3,107,629,0,8882862,192387,MEDIO
244,3290,Noticias,20,2,41,929,0,3121368,261642,MEDIO
245,4271,Tecnologia,17,0,43,2132,1,3599894,320799,MEDIO
246,2369,Ciencia,15,1,25,1111,0,7584017,90521,BAJO
247,5873,Cocina,2,6,97,2618,1,1089496,288356,MEDIO
248,4471,Deportes,9,6,30,1426,1,8535505,117567,ALTO
249,1024,Videojuegos,4,1,111,4047,0,6054838,290466,MEDIO
250,4718,Noticias,14,6,80,1063,0,1103070,162157,MEDIO
251,3291,Ciencia,23,3,77,3365,1,9645230,38666,MEDIO
252,1056,Noticias,20,0,67,3816,1,2153097,460303,ALTO
253,6821,Viajes,20,4,33,1057,1,8436654,477475,ALTO
254,7142,Entretenimiento,3,4,29,2491,0,2717354,169167,MEDIO
255,5840,Videojuegos,11,4,46,646,1,3293399,332952,ALTO
256,4542,Deportes,4,5,48,4370,0,8431778,336062,MEDIO
257,1411,Vlogs,18,1,31,4957,1,9455941,21597,ALTO
258,6790,Entretenimiento,2,0,92,4724,1,3536777,402107,MEDIO
259,4716,Tecnologia,19,5,13,4079,1,5068298,253202,ALTO
260,2036,Cine,12,2,68,597,0,2652149,230479,MEDIO
261,3434,Cocina,14,1,53,4969,0,5244264,451666,MEDIO
262,5914,Noticias,23,6,54,3266,0,6216632,269997,MEDIO
263,4631,Educacion,10,1,69,1003,1,7542969,129980,ALTO
264,1184,Educacion,1,2,59,3425,0,2679315,426496,MEDIO
265,2712,Vlogs,23,2,34,1305,1,8635649,244745,MEDIO
266,4115,Deportes,15,0,21,3221,1,4038756,112797,MEDIO
267,4808,Noticias,1,0,46,4054,1,4794062,281380,MEDIO
268,96,Educacion,13,1,43,2996,1,6139410,23720,MEDIO
269,3311,Entretenimiento,18,4,34,2969,1,1233658,202558,ALTO
270,4160,Cocina,17,2,115,973,0,1622046,206518,BAJO
271,3087,Noticias,17,2,106,1181,0,8541658,210442,BAJO
272,4126,Entretenimiento,1,0,27,2728,1,8712957,239593,MEDIO
273,1250,Vlogs,16,1,51,2609,0,6592683,323223,MEDIO
274,6086,Deportes,18,2,74,4175,1,9444301,157176,MEDIO
275,3920,Entretenimiento,11,2,96,897,1,9792896,161311,ALTO
276,6557,Ciencia,22,5,13,4889,1,4454861,343718,ALTO
277,6443,Vlogs,18,1,102,420,1,2860717,274848,MEDIO
278,5182,Ciencia,19,6,117,3114,0,4063384,16552,MEDIO
279,4720,Ciencia,3,1,12,3612,1,7025967,79393,MEDIO
280,3412,Ciencia,6,3,74,3863,0,2316639,271939,BAJO
281,1728,Viajes,10,5,71,4304,1,5263895,90797,ALTO
282,3795,Viajes,10,4,55,2165,1,3225657,129247,ALTO
283,2315,Viajes,9,1,48,2367,0,8204110,166220,MEDIO
284,3960,Noticias,17,6,102,2240,1,2044708,300667,MEDIO
285,5572,Viajes,12,3,114,2827,0,4872986,22054,MEDIO
286,2386,Ciencia,2,2,66,2100,1,3590102,105941,MEDIO
287,6812,Viajes,8,4,99,2225,0,1832517,322792,MEDIO
288,6099,Vlogs,7,1,16,4350,0,3906349,27520,BAJO
289,850,Tecnologia,10,5,70,823,0,86930,288543,ALTO
290,1323,Tecnologia,20,3,71,1633,1,5388299,149639,ALTO
291,5321,Entretenimiento,2,5,83,1902,0,2937099,219092,MEDIO
292,6891,Musica,1,6,60,4058,0,4856449,459665,MEDIO
293,336,Entretenimiento,9,4,87,879,1,4774152,238209,ALTO
294,5283,Viajes,16,3,27,4130,1,4577446,101088,MEDIO
295,6655,Educacion,10,1,103,3759,1,3123902,7384,MEDIO
296,6064,Noticias,9,4,96,1582,0,6802999,433580,MEDIO
297,3533,Viajes,10,0,61,781,0,2359075,250323,MEDIO
298,2680,Videojuegos,0,2,59,1929,1,4479421,172818,MEDIO
299,2503,Vlogs,23,4,11,2142,1,3964499,32571,MEDIO
300,5500,Educacion,14,2,30,3321,1,1969909,334868,MEDIO
301,2446,Noticias,19,1,38,1094,1,2570027,238539,ALTO
302,6155,Vlogs,11,3,99,4499,1,9018050,420476,MEDIO
303,5470,Videojuegos,7,5,106,4880,0,8816538,234224,MEDIO
304,4356,Ciencia,11,0,82,919,0,9188029,473373,MEDIO
305,4170,Videojuegos,18,4,29,1347,1,8729882,231651,ALTO
306,982,Cine,6,5,84,4004,0,8562677,233561,MEDIO
307,6654,Entretenimiento,14,1,75,3403,1,9460859,30270,MEDIO
308,4607,Cocina,21,6,49,178,1,4269083,428056,ALTO
309,54,Ciencia,6,4,19,371,1,5780235,367203,MEDIO
310,552,Viajes,1,0,70,259,1,6859648,94362,MEDIO
311,6329,Musica,20,5,92,3443,1,6416943,235162,ALTO
312,7153,Tecnologia,12,0,97,4417,0,5834610,62197,MEDIO
313,1492,Viajes,12,4,26,1824,0,381435,156428,MEDIO
314,3822,Cine,23,4,64,4357,1,3853123,129767,MEDIO
315,3803,Noticias,4,2,34,924,0,7033690,322396,MEDIO
316,6305,Entretenimiento,7,1,18,826,0,7490038,313411,MEDIO
317,5535,Ciencia,1,1,104,362,1,7364573,122861,BAJO
318,4451,Videojuegos,1,1,74,2369,0,9665527,167197,MEDIO
319,4760,Vlogs,21,6,51,1940,1,2403511,346141,ALTO
320,4300,Videojuegos,13,2,45,499,0,7167236,291425,MEDIO
321,4090,Entretenimiento,11,5,95,3122,1,6984768,214045,ALTO
322,1252,Deportes,12,1,106,4406,1,4042775,445299,MEDIO
323,1876,Deportes,22,1,113,3793,0,9435270,216361,MEDIO
324,3442,Viajes,16,1,59,1989,1,3411424,173152,MEDIO
325,5327,Educacion,14,6,57,757,0,864641,140751,MEDIO
326,3119,Cine,19,4,15,596,0,9858018,379744,MEDIO
327,5530,Viajes,6,3,36,2727,1,257256,111048,MEDIO
328,1586,Ciencia,3,5,106,3923,0,3431161,207949,MEDIO
329,1990,Viajes,10,6,46,3118,1,8953163,340116,ALTO
330,2973,Deportes,8,2,75,4073,1,1654371,420907,MEDIO
331,5948,Cocina,10,1,57,2563,1,766977,294924,ALTO
332,7108,Videojuegos,23,1,12,2136,1,4952504,79907,MEDIO
333,1637,Noticias,7,3,82,2013,1,9238248,343203,MEDIO
334,5640,Noticias,8,6,115,4002,1,7731427,88202,MEDIO
335,6032,Noticias,5,1,102,4477,1,3087809,480719,BAJO
336,4471,Cine,1,4,14,608,0,107102,216212,BAJO
337,1156,Cine,7,0,100,1237,0,3669507,265149,MEDIO
338,3765,Noticias,1,4,91,3958,1,263935,3466,BAJO
339,4389,Viajes,13,0,12,4336,1,8988193,150307,MEDIO
340,170,Viajes,22,5,65,1468,0,1615878,274928,ALTO
341,1249,Videojuegos,6,4,77,2067,1,4484964,416775,MEDIO
342,3281,Educacion,11,3,68,4628,0,3789255,157273,MEDIO
343,5633,Educacion,20,6,93,259,0,6799441,198843,MEDIO
344,3119,Viajes,15,0,91,77,0,1387242,262069,BAJO
345,6954,Tecnologia,20,6,52,4635,0,8861040,481900,ALTO
346,378,Videojuegos,6,6,98,4643,1,4548220,24411,ALTO
347,639,Cine,8,4,82,269,0,5276177,8209,MEDIO
348,1727,Vlogs,4,6,115,3262,0,5021033,85170,MEDIO
349,4649,Videojuegos,18,6,118,3187,1,6439870,396156,ALTO
350,6089,Musica,22,5,20,4102,1,900876,51215,ALTO
351,3610,Videojuegos,2,2,87,4879,1,5475691,15532,MEDIO
352,5224,Deportes,14,3,39,2914,1,7245206,97380,MEDIO
353,5598,Vlogs,21,3,20,2419,0,1233237,43011,MEDIO
354,2225,Musica,12,5,110,1263,1,5312979,189110,ALTO
355,902,Educacion,0,2,66,2948,1,1715158,69471,MEDIO
356,745,Musica,13,3,81,4544,1,1732967,13768,MEDIO
357,764,Noticias,17,0,86,4899,1,6463219,6470,MEDIO
358,2420,Tecnologia,12,6,20,4583,0,9595903,273208,MEDIO
359,1419,Cine,12,1,27,2202,1,4503118,258538,ALTO
360,1225,Educacion,5,3,45,3449,1,8124053,410342,MEDIO
361,660,Noticias,8,1,102,4061,0,7681643,56084,MEDIO
362,1139,Deportes,0,3,52,3112,1,7385715,175498,MEDIO
363,3557,Cine,19,1,48,2626,0,8036449,164722,MEDIO
364,1485,Tecnologia,10,2,104,4022,0,5467463,197161,MEDIO
365,2326,Tecnologia,11,0,82,1636,0,9229132,14111,MEDIO
366,5987,Cocina,22,1,66,2386,0,6864256,352834,MEDIO
367,4120,Musica,20,2,40,2069,0,7098909,413703,ALTO
368,3118,Educacion,14,4,71,4769,1,8965197,265610,MEDIO
369,7154,Ciencia,13,4,14,2945,0,1834914,403153,BAJO
370,2063,Cine,21,2,31,362,1,5563269,417454,ALTO
371,3556,Educacion,0,0,43,1818,0,7478923,196146,MEDIO
372,3234,Cocina,21,4,98,4099,0,5787592,12877,MEDIO
373,3984,Educacion,9,3,20,950,0,5843985,163520,MEDIO
374,2840,Cocina,6,4,71,2853,1,1637842,229725,MEDIO
375,5944,Ciencia,14,2,18,2459,0,1930810,11841,BAJO
376,6986,Noticias,20,0,96,1346,0,8656941,91463,MEDIO
377,4551,Musica,10,4,64,3785,0,6795568,330175,ALTO
378,1541,Musica,20,5,65,3240,0,3310554,235706,ALTO
379,4881,Tecnologia,12,0,100,1759,0,4669851,394435,MEDIO
380,5795,Educacion,18,0,112,4398,0,6136988,170909,MEDIO
381,1644,Cocina,3,2,95,4009,1,6520284,320501,MEDIO
382,3245,Vlogs,3,2,55,3750,0,4990296,481654,MEDIO
383,5063,Vlogs,2,5,27,2565,0,4002586,160107,MEDIO
384,988,Musica,11,5,28,4184,1,7016887,312698,ALTO
385,1159,Vlogs,12,3,33,3986,0,9309888,87485,ALTO
386,4041,Deportes,4,1,50,3694,0,6023677,499039,MEDIO
387,108,Cocina,4,1,114,3145,1,6864135,358978,MEDIO
388,4058,Tecnologia,22,6,66,4003,0,1386982,296431,ALTO
389,282,Videojuegos,9,0,45,1841,1,2822078,409332,ALTO
390,3776,Vlogs,23,6,108,4057,0,9608547,59877,BAJO
391,2224,Viajes,11,4,115,340,1,9166286,114578,MEDIO
392,3512,Educacion,23,6,93,2027,1,540736,235789,MEDIO
393,2182,Noticias,2,3,120,961,0,3521171,425041,BAJO
394,6072,Vlogs,22,2,120,4999,1,2784709,323040,MEDIO
395,1170,Videojuegos,6,6,17,4670,1,8930189,147369,ALTO
396,4919,Viajes,5,2,100,2397,1,9608908,140164,MEDIO
397,7058,Viajes,21,6,22,1110,1,994652,145397,ALTO
398,7132,Cine,4,5,120,1087,0,2453557,372975,BAJO
399,2668,Videojuegos,21,3,72,1164,1,6949543,196698,ALTO
400,3732,Educacion,20,6,108,762,1,8650558,393112,MEDIO
401,2309,Ciencia,11,3,72,2681,0,1562657,383218,MEDIO
402,3785,Cine,21,5,55,518,1,3654579,225256,ALTO
403,6787,Videojuegos,15,2,51,2323,1,9182347,303003,MEDIO
404,1099,Vlogs,15,6,53,396,0,1670586,328298,MEDIO
405,6451,Cocina,0,0,119,1294,1,7659103,354,BAJO
406,3534,Videojuegos,22,1,93,2472,0,4597283,48937,MEDIO
407,5392,Noticias,8,0,57,1355,0,6649508,327996,MEDIO
408,2532,Ciencia,22,6,39,3516,0,1596917,569,MEDIO
409,1778,Cocina,2,1,85,1852,1,155809,4227,MEDIO
410,5728,Noticias,3,6,64,1082,1,1188301,120034,MEDIO
411,3168,Educacion,23,6,23,845,1,6166661,461891,MEDIO
412,2481,Musica,12,6,114,1090,0,1147756,278139,MEDIO
413,4644,Entretenimiento,19,5,31,3605,1,3574477,329294,ALTO
414,6159,Musica,13,4,97,3624,0,1454383,470072,MEDIO
415,853,Musica,3,4,103,3145,1,7203947,164890,MEDIO
416,6510,Musica,7,2,92,690,0,9284454,315096,MEDIO
417,4945,Ciencia,19,2,109,219,1,3446807,271449,MEDIO
418,5001,Viajes,6,5,60,2421,0,4015476,259463,MEDIO
419,3191,Educacion,7,3,91,4865,0,8863176,465947,BAJO
420,128,Noticias,10,1,59,4656,1,6130603,286448,ALTO
421,5624,Musica,15,6,19,136,0,231415,137460,MEDIO
422,1797,Entretenimiento,1,6,60,4150,1,8406206,402186,ALTO
423,3433,Tecnologia,22,3,20,4395,0,4655136,43828,MEDIO
424,2568,Educacion,16,1,113,1272,1,6555386,307461,BAJO
425,5226,Cine,21,5,18,2540,1,4003671,30359,ALTO
426,2032,Educacion,13,0,68,4987,0,5189026,349217,MEDIO
427,6105,Cine,23,1,25,103,0,190431,85895,BAJO
428,4096,Noticias,16,4,110,2123,0,6238933,66548,BAJO
429,6172,Deportes,23,0,108,240,1,7202871,142596,BAJO
430,4321,Educacion,8,5,83,631,1,7636951,267796,ALTO
431,2980,Entretenimiento,15,6,82,1367,1,2639223,133754,MEDIO
432,6365,Educacion,18,5,102,944,0,8536665,1346,MEDIO
433,390,Entretenimiento,7,0,70,2981,1,2518002,93827,ALTO
434,7054,Entretenimiento,17,6,101,3435,0,5398941,130161,MEDIO
435,3439,Ciencia,10,2,115,638,1,2003215,263214,MEDIO
436,5545,Entretenimiento,5,1,112,4225,0,6726402,36137,BAJO
437,3840,Deportes,9,2,21,4530,1,133700,193419,MEDIO
438,1673,Deportes,18,6,48,1987,1,6178606,310216,ALTO
439,4071,Videojuegos,23,4,107,2008,0,107003,488844,BAJO
440,3389,Entretenimiento,7,4,54,78,1,24528,397897,MEDIO
441,5414,Tecnologia,23,5,49,851,0,8888812,124868,MEDIO
442,3469,Cocina,1,1,101,2292,0,736524,483013,BAJO
443,1926,Viajes,13,5,57,3755,0,9743714,50109,MEDIO
444,4170,Musica,20,6,60,613,0,7297801,347311,ALTO
445,1100,Videojuegos,9,2,118,2580,1,5473593,166753,ALTO
446,3738,Deportes,7,0,35,1115,0,2607356,55395,MEDIO
447,1376,Cocina,14,2,62,989,1,3483557,236934,MEDIO
448,2555,Cocina,8,6,25,740,0,5103880,433264,MEDIO
449,5802,Ciencia,19,0,37,2685,0,1530298,372851,MEDIO
450,2063,Noticias,12,4,16,2448,1,2917016,16295,MEDIO
451,3342,Cocina,17,5,80,2046,0,7751799,53428,MEDIO
452,6615,Musica,3,0,17,1820,0,3324120,431842,MEDIO
453,3311,Noticias,21,5,92,688,1,1258076,11429,ALTO
454,558,Videojuegos,20,3,113,1055,0,5562484,64239,MEDIO
455,379,Cocina,1,1,83,3548,1,8323619,15457,MEDIO
456,3165,Cine,13,1,55,1758,0,4613428,146724,MEDIO
457,3683,Musica,1,4,89,2013,1,8370012,216002,MEDIO
458,4541,Cocina,1,0,45,3137,0,7033593,104573,MEDIO
459,5294,Viajes,7,5,112,4453,0,6417252,409949,BAJO
460,5873,Noticias,15,4,110,3970,1,9490050,263398,BAJO
461,2664,Tecnologia,8,1,13,2612,0,491630,469638,MEDIO
462,6671,Deportes,1,6,70,4337,1,9797708,122034,MEDIO
463,1337,Educacion,7,5,40,2183,0,3681115,301828,MEDIO
464,6964,Tecnologia,11,6,118,1423,0,3968669,310650,MEDIO
465,2635,Ciencia,22,2,85,231,1,9523609,295492,MEDIO
466,1194,Vlogs,6,6,113,4032,1,2945353,257129,MEDIO
467,340,Educacion,1,1,87,1792,0,8832340,250603,MEDIO
468,35,Noticias,19,1,113,1068,1,2977282,481705,ALTO
469,6603,Noticias,1,0,28,4805,0,1860938,443799,BAJO
470,4341,Noticias,2,2,100,3240,0,5646557,158211,BAJO
471,2672,Musica,5,5,65,3991,1,2922635,370767,ALTO
472,4633,Ciencia,19,6,55,1828,0,6348231,160863,ALTO
473,6042,Ciencia,9,1,32,14,1,9520780,16977,MEDIO
474,1521,Vlogs,10,6,88,1809,0,8324603,73737,ALTO
475,2742,Ciencia,2,1,54,2617,0,1488575,430787,MEDIO
476,5837,Cine,20,5,52,3658,0,4449526,109934,ALTO
477,2074,Ciencia,2,2,42,885,0,807780,202342,MEDIO
478,3619,Ciencia,13,1,62,4039,1,5892681,286273,MEDIO
479,3104,Educacion,15,6,120,4735,0,2728923,236604,BAJO
480,633,Entretenimiento,9,0,50,2139,0,1244876,179205,ALTO
481,1423,Tecnologia,5,5,19,4481,0,5669869,311443,MEDIO
482,5056,Cocina,22,0,65,1351,1,2635764,28078,ALTO
483,859,Noticias,6,1,62,4539,1,4723173,155923,MEDIO
484,1975,Educacion,1,3,83,4502,1,2576811,28576,MEDIO
485,2985,Entretenimiento,13,0,47,4916,1,3349987,50849,MEDIO
486,240,Videojuegos,5,5,47,671,1,1937918,161665,ALTO
487,6459,Tecnologia,15,3,94,2170,0,9128919,203175,BAJO
488,1544,Noticias,12,2,33,3651,0,4417373,230550,ALTO
489,3839,Deportes,7,6,44,4622,0,2535551,394387,MEDIO
490,5735,Cine,3,0,95,2816,1,9893967,119282,MEDIO
491,4565,Entretenimiento,12,6,76,3429,1,9608551,462240,ALTO
492,1960,Cocina,9,0,60,284,0,2017994,497682,MEDIO
493,6232,Cocina,5,1,37,1578,0,715982,221970,MEDIO
494,671,Cine,13,1,115,1211,1,5364506,477523,MEDIO
495,5986,Educacion,2,3,81,3255,1,4633880,272466,MEDIO
496,3783,Entretenimiento,22,4,85,4280,1,1887752,217287,ALTO
497,1255,Musica,18,4,84,820,0,9440266,408705,ALTO
498,857,Deportes,17,2,62,2163,1,8146760,299904,MEDIO
499,5018,Cocina,1,1,45,3301,0,6739741,20333,MEDIO
500,3272,Noticias,22,1,16,3892,1,6248518,10607,MEDIO
